board_id,user_id,board_name,board_description,time_created,upvotes
62,649,budgetary management,"Nullam orci pede, venenatis non, sodales sed, tincidunt eu, felis. Fusce posuere felis sed lacus. Morbi sem mauris, laoreet ut, rhoncus aliquet, pulvinar sed, nisl. Nunc rhoncus dui vel sem. Sed sagittis. Nam congue, risus semper porta volutpat, quam pede lobortis ligula, sit amet eleifend pede libero quis orci.",2021-10-12 18:31:02.412041,0
63,571,clear-thinking,"Fusce congue, diam id ornare imperdiet, sapien urna pretium nisl, ut volutpat sapien arcu sed augue. Aliquam erat volutpat. In congue.",2021-10-12 18:31:02.412041,0
64,742,transitional,"Phasellus in felis. Donec semper sapien a libero. Nam dui. Proin leo odio, porttitor id, consequat in, consequat ut, nulla. Sed accumsan felis.",2021-10-12 18:31:02.412041,0
86,893,capacity,"Nam ultrices, libero non mattis pulvinar, nulla pede ullamcorper augue, a suscipit nulla elit ac nulla. Sed vel enim sit amet nunc viverra dapibus. Nulla suscipit ligula in lacus. Curabitur at ipsum ac tellus semper interdum. Mauris ullamcorper purus sit amet nulla. Quisque arcu libero, rutrum ac, lobortis vel, dapibus at, diam.",2021-10-12 18:31:02.412041,0
87,304,web-enabled,"Integer ac leo. Pellentesque ultrices mattis odio. Donec vitae nisi. Nam ultrices, libero non mattis pulvinar, nulla pede ullamcorper augue, a suscipit nulla elit ac nulla. Sed vel enim sit amet nunc viverra dapibus. Nulla suscipit ligula in lacus.",2021-10-12 18:31:02.412041,0
31,353,shoes,"Praesent blandit. Nam nulla. Integer pede justo, lacinia eget, tincidunt eget, tempus vel, pede. Morbi porttitor lorem id ligula. Suspendisse ornare consequat lectus.",2021-10-12 18:31:02.412041,0
32,950,task-force,"Nam congue, risus semper porta volutpat, quam pede lobortis ligula, sit amet eleifend pede libero quis orci. Nullam molestie nibh in lectus. Pellentesque at nulla. Suspendisse potenti. Cras in purus eu magna vulputate luctus.",2021-10-12 18:31:02.412041,0
55,51,Exclusive,Aenean auctor gravida sem. Praesent id massa id nisl venenatis lacinia. Aenean sit amet justo. Morbi ut odio.,2021-10-12 18:31:02.412041,1
14,488,vodka,Nulla mollis molestie lorem. Quisque ut erat. Curabitur gravida nisi at nibh.,2021-10-12 18:31:02.412041,0
15,630,beer,"Quisque erat eros, viverra eget, congue eget, semper rutrum, nulla. Nunc purus. Phasellus in felis. Donec semper sapien a libero. Nam dui.",2021-10-12 18:31:02.412041,0
16,398,conglomeration,Aliquam erat volutpat. In congue. Etiam justo. Etiam pretium iaculis justo.,2021-10-12 18:31:02.412041,0
17,638,analyzer,In eleifend quam a odio. In hac habitasse platea dictumst. Maecenas ut massa quis augue luctus tincidunt. Nulla mollis molestie lorem. Quisque ut erat.,2021-10-12 18:31:02.412041,0
18,228,Horizontal,Suspendisse accumsan tortor quis turpis. Sed ante. Vivamus tortor. Duis mattis egestas metus. Aenean fermentum.,2021-10-12 18:31:02.412041,0
19,547,grid-enabled,Nullam porttitor lacus at turpis. Donec posuere metus vitae ipsum. Aliquam non mauris. Morbi non lectus.,2021-10-12 18:31:02.412041,0
20,423,heuristic,"Aenean lectus. Pellentesque eget nunc. Donec quis orci eget orci vehicula condimentum. Curabitur in libero ut massa volutpat convallis. Morbi odio odio, elementum eu, interdum eu, tincidunt in, leo.",2021-10-12 18:31:02.412041,0
21,929,Intuitive,"Maecenas leo odio, condimentum id, luctus nec, molestie sed, justo. Pellentesque viverra pede ac diam. Cras pellentesque volutpat dui. Maecenas tristique, est et tempus semper, est quam pharetra magna, ac consequat metus sapien ut nunc.",2021-10-12 18:31:02.412041,0
22,451,artificial intelligence,Suspendisse potenti. Nullam porttitor lacus at turpis. Donec posuere metus vitae ipsum. Aliquam non mauris. Morbi non lectus. Aliquam sit amet diam in magna bibendum imperdiet.,2021-10-12 18:31:02.412041,0
23,268,Upgradable,Etiam justo. Etiam pretium iaculis justo. In hac habitasse platea dictumst.,2021-10-12 18:31:02.412041,0
24,981,reading,"Mauris ullamcorper purus sit amet nulla. Quisque arcu libero, rutrum ac, lobortis vel, dapibus at, diam. Nam tristique tortor eu pede.",2021-10-12 18:31:02.412041,0
25,643,Grass-roots,"Fusce lacus purus, aliquet at, feugiat non, pretium quis, lectus. Suspendisse potenti. In eleifend quam a odio. In hac habitasse platea dictumst. Maecenas ut massa quis augue luctus tincidunt.",2021-10-12 18:31:02.412041,0
26,365,dynamic,"In tempor, turpis nec euismod scelerisque, quam turpis adipiscing lorem, vitae mattis nibh ligula nec sem. Duis aliquam convallis nunc. Proin at turpis a pede posuere nonummy.",2021-10-12 18:31:02.412041,0
50,1000,puppies,Nulla tellus. In sagittis dui vel nisl. Duis ac nibh.,2021-10-12 18:31:02.412041,0
3,787,Cloned,"Donec vitae nisi. Nam ultrices, libero non mattis pulvinar, nulla pede ullamcorper augue, a suscipit nulla elit ac nulla. Sed vel enim sit amet nunc viverra dapibus. Nulla suscipit ligula in lacus. Curabitur at ipsum ac tellus semper interdum. Mauris ullamcorper purus sit amet nulla.",2021-10-12 18:31:02.412041,0
5,91,Mandatory,"Vivamus vel nulla eget eros elementum pellentesque. Quisque porta volutpat erat. Quisque erat eros, viverra eget, congue eget, semper rutrum, nulla. Nunc purus.",2021-10-12 18:31:02.412041,0
6,613,dresses,"In blandit ultrices enim. Lorem ipsum dolor sit amet, consectetuer adipiscing elit. Proin interdum mauris non ligula pellentesque ultrices. Phasellus id sapien in sapien iaculis congue. Vivamus metus arcu, adipiscing molestie, hendrerit at, vulputate vitae, nisl.",2021-10-12 18:31:02.412041,0
7,766,Decentralized,Nullam varius. Nulla facilisi. Cras non velit nec nisi vulputate nonummy. Maecenas tincidunt lacus at velit. Vivamus vel nulla eget eros elementum pellentesque.,2021-10-12 18:31:02.412041,0
76,227,De-engineered,"Proin leo odio, porttitor id, consequat in, consequat ut, nulla. Sed accumsan felis. Ut at dolor quis odio consequat varius. Integer ac leo. Pellentesque ultrices mattis odio.",2021-10-12 18:31:02.412041,0
77,804,hub,"Aenean sit amet justo. Morbi ut odio. Cras mi pede, malesuada in, imperdiet et, commodo vulputate, justo.",2021-10-12 18:31:02.412041,0
78,670,Multi-lateral,Duis bibendum. Morbi non quam nec dui luctus rutrum. Nulla tellus.,2021-10-12 18:31:02.412041,0
79,941,gin,"Aliquam augue quam, sollicitudin vitae, consectetuer eget, rutrum at, lorem. Integer tincidunt ante vel ipsum. Praesent blandit lacinia erat. Vestibulum sed magna at nunc commodo placerat.",2021-10-12 18:31:02.412041,0
80,370,User-friendly,Nulla tempus. Vivamus in felis eu sapien cursus vestibulum. Proin eu mi.,2021-10-12 18:31:02.412041,0
81,383,whiskey,Nullam varius. Nulla facilisi. Cras non velit nec nisi vulputate nonummy.,2021-10-12 18:31:02.412041,0
88,958,Right-sized,"Lorem ipsum dolor sit amet, consectetuer adipiscing elit. Proin interdum mauris non ligula pellentesque ultrices. Phasellus id sapien in sapien iaculis congue.",2021-10-12 18:31:02.412041,0
28,385,Realigned,"Praesent id massa id nisl venenatis lacinia. Aenean sit amet justo. Morbi ut odio. Cras mi pede, malesuada in, imperdiet et, commodo vulputate, justo.",2021-10-12 18:31:02.412041,0
27,92,Up-sized,Suspendisse potenti. In eleifend quam a odio. In hac habitasse platea dictumst. Maecenas ut massa quis augue luctus tincidunt. Nulla mollis molestie lorem. Quisque ut erat.,2021-10-12 18:31:02.412041,1
33,255,disintermediate,"Proin leo odio, porttitor id, consequat in, consequat ut, nulla. Sed accumsan felis. Ut at dolor quis odio consequat varius. Integer ac leo.",2021-10-12 18:31:02.412041,0
34,63,methodical,"Vestibulum quam sapien, varius ut, blandit non, interdum in, ante. Vestibulum ante ipsum primis in faucibus orci luctus et ultrices posuere cubilia Curae, Duis faucibus accumsan odio. Curabitur convallis. Duis consequat dui nec nisi volutpat eleifend.",2021-10-12 18:31:02.412041,0
4,28,Implemented,Nulla ut erat id mauris vulputate elementum. Nullam varius. Nulla facilisi.,2021-10-12 18:31:02.412041,0
10,138,Innovative,Etiam justo. Etiam pretium iaculis justo. In hac habitasse platea dictumst.,2021-10-12 18:31:02.412041,0
45,177,impactful,"Proin at turpis a pede posuere nonummy. Integer non velit. Donec diam neque, vestibulum eget, vulputate ut, ultrices vel, augue. Vestibulum ante ipsum primis in faucibus orci luctus et ultrices posuere cubilia Curae, Donec pharetra, magna vestibulum aliquet ultrices, erat tortor sollicitudin mi, sit amet lobortis sapien sapien non mi. Integer ac neque.",2021-10-12 18:31:02.412041,0
46,486,cats,"Duis at velit eu est congue elementum. In hac habitasse platea dictumst. Morbi vestibulum, velit id pretium iaculis, diam erat fermentum justo, nec condimentum neque sapien placerat ante. Nulla justo. Aliquam quis turpis eget elit sodales scelerisque.",2021-10-12 18:31:02.412041,0
47,250,24 hour,Suspendisse potenti. Nullam porttitor lacus at turpis. Donec posuere metus vitae ipsum. Aliquam non mauris. Morbi non lectus. Aliquam sit amet diam in magna bibendum imperdiet.,2021-10-12 18:31:02.412041,0
48,854,info-mediaries,"Donec ut dolor. Morbi vel lectus in quam fringilla rhoncus. Mauris enim leo, rhoncus sed, vestibulum sit amet, cursus id, turpis. Integer aliquet, massa id lobortis convallis, tortor risus dapibus augue, vel accumsan tellus nisi eu orci. Mauris lacinia sapien quis libero.",2021-10-12 18:31:02.412041,0
49,336,dogs,"Curabitur gravida nisi at nibh. In hac habitasse platea dictumst. Aliquam augue quam, sollicitudin vitae, consectetuer eget, rutrum at, lorem. Integer tincidunt ante vel ipsum.",2021-10-12 18:31:02.412041,0
65,250,Polarised,"Nam nulla. Integer pede justo, lacinia eget, tincidunt eget, tempus vel, pede. Morbi porttitor lorem id ligula. Suspendisse ornare consequat lectus.",2021-10-12 18:31:02.412041,0
30,432,hybrid,Duis bibendum. Morbi non quam nec dui luctus rutrum. Nulla tellus. In sagittis dui vel nisl.,2021-10-12 18:31:02.412041,0
39,811,coffee,"Pellentesque viverra pede ac diam. Cras pellentesque volutpat dui. Maecenas tristique, est et tempus semper, est quam pharetra magna, ac consequat metus sapien ut nunc.",2021-10-12 18:31:02.412041,0
40,787,leading edge,"Cras in purus eu magna vulputate luctus. Cum sociis natoque penatibus et magnis dis parturient montes, nascetur ridiculus mus. Vivamus vestibulum sagittis sapien. Cum sociis natoque penatibus et magnis dis parturient montes, nascetur ridiculus mus.",2021-10-12 18:31:02.412041,0
41,159,fire,"Fusce posuere felis sed lacus. Morbi sem mauris, laoreet ut, rhoncus aliquet, pulvinar sed, nisl. Nunc rhoncus dui vel sem. Sed sagittis. Nam congue, risus semper porta volutpat, quam pede lobortis ligula, sit amet eleifend pede libero quis orci. Nullam molestie nibh in lectus.",2021-10-12 18:31:02.412041,0
42,751,construction,"Proin leo odio, porttitor id, consequat in, consequat ut, nulla. Sed accumsan felis. Ut at dolor quis odio consequat varius.",2021-10-12 18:31:02.412041,0
43,337,birds,Sed ante. Vivamus tortor. Duis mattis egestas metus. Aenean fermentum.,2021-10-12 18:31:02.412041,0
44,500,optimal,Etiam justo. Etiam pretium iaculis justo. In hac habitasse platea dictumst.,2021-10-12 18:31:02.412041,0
82,998,Inverse,"Vestibulum ante ipsum primis in faucibus orci luctus et ultrices posuere cubilia Curae, Nulla dapibus dolor vel est. Donec odio justo, sollicitudin ut, suscipit a, feugiat et, eros. Vestibulum ac est lacinia nisi venenatis tristique. Fusce congue, diam id ornare imperdiet, sapien urna pretium nisl, ut volutpat sapien arcu sed augue. Aliquam erat volutpat. In congue.",2021-10-12 18:31:02.412041,0
83,278,fault-tolerant,In quis justo. Maecenas rhoncus aliquam lacus. Morbi quis tortor id nulla ultrices aliquet.,2021-10-12 18:31:02.412041,0
84,478,Virtual,"Nulla neque libero, convallis eget, eleifend luctus, ultricies eu, nibh. Quisque id justo sit amet sapien dignissim vestibulum. Vestibulum ante ipsum primis in faucibus orci luctus et ultrices posuere cubilia Curae, Nulla dapibus dolor vel est. Donec odio justo, sollicitudin ut, suscipit a, feugiat et, eros.",2021-10-12 18:31:02.412041,0
85,591,Function-based,In congue. Etiam justo. Etiam pretium iaculis justo. In hac habitasse platea dictumst. Etiam faucibus cursus urna. Ut tellus.,2021-10-12 18:31:02.412041,0
29,788,parenting,"Vivamus metus arcu, adipiscing molestie, hendrerit at, vulputate vitae, nisl. Aenean lectus. Pellentesque eget nunc. Donec quis orci eget orci vehicula condimentum. Curabitur in libero ut massa volutpat convallis. Morbi odio odio, elementum eu, interdum eu, tincidunt in, leo.",2021-10-12 18:31:02.412041,0
68,319,Enhanced,Mauris lacinia sapien quis libero. Nullam sit amet turpis elementum ligula vehicula consequat. Morbi a ipsum. Integer a nibh. In quis justo.,2021-10-12 18:31:02.412041,0
70,555,open system,"Nulla nisl. Nunc nisl. Duis bibendum, felis sed interdum venenatis, turpis enim blandit mi, in porttitor pede justo eu massa.",2021-10-12 18:31:02.412041,0
72,627,installation,"Donec diam neque, vestibulum eget, vulputate ut, ultrices vel, augue. Vestibulum ante ipsum primis in faucibus orci luctus et ultrices posuere cubilia Curae, Donec pharetra, magna vestibulum aliquet ultrices, erat tortor sollicitudin mi, sit amet lobortis sapien sapien non mi. Integer ac neque. Duis bibendum. Morbi non quam nec dui luctus rutrum.",2021-10-12 18:31:02.412041,0
73,919,video games,Ut tellus. Nulla ut erat id mauris vulputate elementum. Nullam varius. Nulla facilisi.,2021-10-12 18:31:02.412041,0
74,237,explicit,"Morbi odio odio, elementum eu, interdum eu, tincidunt in, leo. Maecenas pulvinar lobortis est. Phasellus sit amet erat.",2021-10-12 18:31:02.412041,0
75,663,cohesive,In congue. Etiam justo. Etiam pretium iaculis justo. In hac habitasse platea dictumst.,2021-10-12 18:31:02.412041,0
98,907,instruction set,"Suspendisse ornare consequat lectus. In est risus, auctor sed, tristique in, tempus sit amet, sem. Fusce consequat. Nulla nisl.",2021-10-12 18:31:02.412041,0
1,550,Seamless,updted description,2021-10-12 18:31:02.412041,0
89,740,neutral,Suspendisse potenti. Nullam porttitor lacus at turpis. Donec posuere metus vitae ipsum.,2021-10-12 18:31:02.412041,0
90,817,speakers,"Nunc rhoncus dui vel sem. Sed sagittis. Nam congue, risus semper porta volutpat, quam pede lobortis ligula, sit amet eleifend pede libero quis orci.",2021-10-12 18:31:02.412041,0
91,200,bi-directional,"Curabitur in libero ut massa volutpat convallis. Morbi odio odio, elementum eu, interdum eu, tincidunt in, leo. Maecenas pulvinar lobortis est.",2021-10-12 18:31:02.412041,0
12,981,functionalities,"Cras pellentesque volutpat dui. Maecenas tristique, est et tempus semper, est quam pharetra magna, ac consequat metus sapien ut nunc. Vestibulum ante ipsum primis in faucibus orci luctus et ultrices posuere cubilia Curae, Mauris viverra diam vitae quam. Suspendisse potenti. Nullam porttitor lacus at turpis. Donec posuere metus vitae ipsum.",2021-10-12 18:31:02.412041,0
2,945,leverage,updated description of board-2 (again),2021-10-12 18:31:02.412041,0
71,379,Customer-focused,In hac habitasse platea dictumst. Maecenas ut massa quis augue luctus tincidunt. Nulla mollis molestie lorem. Quisque ut erat.,2021-10-12 18:31:02.412041,1
37,110,Optional,Duis bibendum. Morbi non quam nec dui luctus rutrum. Nulla tellus. In sagittis dui vel nisl. Duis ac nibh.,2021-10-12 18:31:02.412041,0
51,174,architecture,"Suspendisse potenti. Cras in purus eu magna vulputate luctus. Cum sociis natoque penatibus et magnis dis parturient montes, nascetur ridiculus mus. Vivamus vestibulum sagittis sapien.",2021-10-12 18:31:02.412041,0
52,304,tequila,"Sed vel enim sit amet nunc viverra dapibus. Nulla suscipit ligula in lacus. Curabitur at ipsum ac tellus semper interdum. Mauris ullamcorper purus sit amet nulla. Quisque arcu libero, rutrum ac, lobortis vel, dapibus at, diam. Nam tristique tortor eu pede.",2021-10-12 18:31:02.412041,0
69,136,approach,Mauris sit amet eros. Suspendisse accumsan tortor quis turpis. Sed ante. Vivamus tortor. Duis mattis egestas metus.,2021-10-12 18:31:02.412041,0
36,609,emulation,Etiam pretium iaculis justo. In hac habitasse platea dictumst. Etiam faucibus cursus urna.,2021-10-12 18:31:02.412041,0
94,592,paradigm,"Duis bibendum, felis sed interdum venenatis, turpis enim blandit mi, in porttitor pede justo eu massa. Donec dapibus. Duis at velit eu est congue elementum.",2021-10-12 18:31:02.412041,0
96,961,travel,Praesent blandit lacinia erat. Vestibulum sed magna at nunc commodo placerat. Praesent blandit.,2021-10-12 18:31:02.412041,0
97,475,modular,"Cras in purus eu magna vulputate luctus. Cum sociis natoque penatibus et magnis dis parturient montes, nascetur ridiculus mus. Vivamus vestibulum sagittis sapien. Cum sociis natoque penatibus et magnis dis parturient montes, nascetur ridiculus mus. Etiam vel augue. Vestibulum rutrum rutrum neque.",2021-10-12 18:31:02.412041,0
66,624,success,"Pellentesque viverra pede ac diam. Cras pellentesque volutpat dui. Maecenas tristique, est et tempus semper, est quam pharetra magna, ac consequat metus sapien ut nunc. Vestibulum ante ipsum primis in faucibus orci luctus et ultrices posuere cubilia Curae, Mauris viverra diam vitae quam. Suspendisse potenti.",2021-10-12 18:31:02.412041,0
67,694,Object-based,"In tempor, turpis nec euismod scelerisque, quam turpis adipiscing lorem, vitae mattis nibh ligula nec sem. Duis aliquam convallis nunc. Proin at turpis a pede posuere nonummy.",2021-10-12 18:31:02.412041,0
8,240,nail polish,"Pellentesque ultrices mattis odio. Donec vitae nisi. Nam ultrices, libero non mattis pulvinar, nulla pede ullamcorper augue, a suscipit nulla elit ac nulla. Sed vel enim sit amet nunc viverra dapibus.",2021-10-12 18:31:02.412041,0
9,299,multi-tasking,"Curabitur gravida nisi at nibh. In hac habitasse platea dictumst. Aliquam augue quam, sollicitudin vitae, consectetuer eget, rutrum at, lorem. Integer tincidunt ante vel ipsum.",2021-10-12 18:31:02.412041,0
11,648,focus group,"Quisque ut erat. Curabitur gravida nisi at nibh. In hac habitasse platea dictumst. Aliquam augue quam, sollicitudin vitae, consectetuer eget, rutrum at, lorem.",2021-10-12 18:31:02.412041,0
13,434,strategy,"Vivamus metus arcu, adipiscing molestie, hendrerit at, vulputate vitae, nisl. Aenean lectus. Pellentesque eget nunc. Donec quis orci eget orci vehicula condimentum.",2021-10-12 18:31:02.412041,0
35,31,Triple-buffered,"Nam congue, risus semper porta volutpat, quam pede lobortis ligula, sit amet eleifend pede libero quis orci. Nullam molestie nibh in lectus. Pellentesque at nulla. Suspendisse potenti. Cras in purus eu magna vulputate luctus. Cum sociis natoque penatibus et magnis dis parturient montes, nascetur ridiculus mus.",2021-10-12 18:31:02.412041,0
38,771,dedicated,Aenean auctor gravida sem. Praesent id massa id nisl venenatis lacinia. Aenean sit amet justo. Morbi ut odio.,2021-10-12 18:31:02.412041,0
53,906,ability,"Vivamus tortor. Duis mattis egestas metus. Aenean fermentum. Donec ut mauris eget massa tempor convallis. Nulla neque libero, convallis eget, eleifend luctus, ultricies eu, nibh.",2021-10-12 18:31:02.412041,0
92,659,Persevering,"Donec diam neque, vestibulum eget, vulputate ut, ultrices vel, augue. Vestibulum ante ipsum primis in faucibus orci luctus et ultrices posuere cubilia Curae, Donec pharetra, magna vestibulum aliquet ultrices, erat tortor sollicitudin mi, sit amet lobortis sapien sapien non mi. Integer ac neque. Duis bibendum. Morbi non quam nec dui luctus rutrum. Nulla tellus.",2021-10-12 18:31:02.412041,0
54,605,bifurcated,"Maecenas tristique, est et tempus semper, est quam pharetra magna, ac consequat metus sapien ut nunc. Vestibulum ante ipsum primis in faucibus orci luctus et ultrices posuere cubilia Curae, Mauris viverra diam vitae quam. Suspendisse potenti. Nullam porttitor lacus at turpis.",2021-10-12 18:31:02.412041,0
56,296,computers,Maecenas ut massa quis augue luctus tincidunt. Nulla mollis molestie lorem. Quisque ut erat.,2021-10-12 18:31:02.412041,0
57,910,Universal,Suspendisse potenti. In eleifend quam a odio. In hac habitasse platea dictumst. Maecenas ut massa quis augue luctus tincidunt.,2021-10-12 18:31:02.412041,0
58,895,process improvement,"Morbi vestibulum, velit id pretium iaculis, diam erat fermentum justo, nec condimentum neque sapien placerat ante. Nulla justo. Aliquam quis turpis eget elit sodales scelerisque. Mauris sit amet eros. Suspendisse accumsan tortor quis turpis. Sed ante.",2021-10-12 18:31:02.412041,0
59,976,upward-trending,"Nullam molestie nibh in lectus. Pellentesque at nulla. Suspendisse potenti. Cras in purus eu magna vulputate luctus. Cum sociis natoque penatibus et magnis dis parturient montes, nascetur ridiculus mus.",2021-10-12 18:31:02.412041,0
60,751,uniform,"Quisque id justo sit amet sapien dignissim vestibulum. Vestibulum ante ipsum primis in faucibus orci luctus et ultrices posuere cubilia Curae, Nulla dapibus dolor vel est. Donec odio justo, sollicitudin ut, suscipit a, feugiat et, eros. Vestibulum ac est lacinia nisi venenatis tristique.",2021-10-12 18:31:02.412041,0
61,792,responsive,"Vestibulum ante ipsum primis in faucibus orci luctus et ultrices posuere cubilia Curae, Mauris viverra diam vitae quam. Suspendisse potenti. Nullam porttitor lacus at turpis.",2021-10-12 18:31:02.412041,0
93,756,protocol,"Donec diam neque, vestibulum eget, vulputate ut, ultrices vel, augue. Vestibulum ante ipsum primis in faucibus orci luctus et ultrices posuere cubilia Curae, Donec pharetra, magna vestibulum aliquet ultrices, erat tortor sollicitudin mi, sit amet lobortis sapien sapien non mi. Integer ac neque. Duis bibendum.",2021-10-12 18:31:02.412041,0
95,272,Balanced,"Morbi odio odio, elementum eu, interdum eu, tincidunt in, leo. Maecenas pulvinar lobortis est. Phasellus sit amet erat. Nulla tempus.",2021-10-12 18:31:02.412041,0
99,118,Diverse,"Vivamus vel nulla eget eros elementum pellentesque. Quisque porta volutpat erat. Quisque erat eros, viverra eget, congue eget, semper rutrum, nulla. Nunc purus.",2021-10-12 18:31:02.412041,0
100,361,cars,Curabitur convallis. Duis consequat dui nec nisi volutpat eleifend. Donec ut dolor.,2021-10-12 18:31:02.412041,0
104,1002,My new board testing react-markdown,"# A demo of `react-markdown`

`react-markdown` is a markdown component for React.

üëâ Changes are re-rendered as you type.

üëà Try writing some markdown on the left.

## Overview

* Follows [CommonMark](https://commonmark.org)
* Optionally follows [GitHub Flavored Markdown](https://github.github.com/gfm/)
* Renders actual React elements instead of using `dangerouslySetInnerHTML`
* Lets you define your own components (to render `MyHeading` instead of `h1`)
* Has a lot of plugins

## Table of contents

Here is an example of a plugin in action
([`remark-toc`](https://github.com/remarkjs/remark-toc)).
This section is replaced by an actual table of contents.

## Syntax highlighting

Here is an example of a plugin to highlight code:
[`rehype-highlight`](https://github.com/rehypejs/rehype-highlight).

```js
import React from 'react'
import ReactDOM from 'react-dom'
import ReactMarkdown from 'react-markdown'
import rehypeHighlight from 'rehype-highlight'

ReactDOM.render(
  <ReactMarkdown rehypePlugins={[rehypeHighlight]}>{'# Your markdown here'}</ReactMarkdown>,
  document.querySelector('#content')
)
```

Pretty neat, eh?

## GitHub flavored markdown (GFM)

For GFM, you can *also* use a plugin:
[`remark-gfm`](https://github.com/remarkjs/react-markdown#use).
It adds support for GitHub-specific extensions to the language:
tables, strikethrough, tasklists, and literal URLs.

These features **do not work by default**.
üëÜ Use the toggle above to add the plugin.

| Feature    | Support              |
| ---------: | :------------------- |
| CommonMark | 100%                 |
| GFM        | 100% w/ `remark-gfm` |

~~strikethrough~~

* [ ] task list
* [x] checked item

https://example.com

## HTML in markdown

‚ö†Ô∏è HTML in markdown is quite unsafe, but if you want to support it, you can
use [`rehype-raw`](https://github.com/rehypejs/rehype-raw).
You should probably combine it with
[`rehype-sanitize`](https://github.com/rehypejs/rehype-sanitize).

<blockquote>
  üëÜ Use the toggle above to add the plugin.
</blockquote>

## Components

You can pass components to change things:

```js
import React from 'react'
import ReactDOM from 'react-dom'
import ReactMarkdown from 'react-markdown'
import MyFancyRule from './components/my-fancy-rule.js'

ReactDOM.render(
  <ReactMarkdown
    components={{
      // Use h2s instead of h1s
      h1: 'h2',
      // Use a component instead of hrs
      hr: ({node, ...props}) => <MyFancyRule {...props} />
    }}
  >
    # Your markdown here
  </ReactMarkdown>,
  document.querySelector('#content')
)
```

## More info?

Much more info is available in the
[readme on GitHub](https://github.com/remarkjs/react-markdown)!

***

A component by [Espen Hovlandsdal](https://espen.codes/)",2021-10-14 20:58:11.610065,1
